line_id,start_time,end_time,start_seconds,duration_seconds,dialogue,scene_id
1,00:04:55.630,00:04:59.630,295.63,4.0,What are you doing? We don't stop here!,2
2,00:05:10.255,00:05:14.006,310.255,3.751,Get out of the car.,2
3,00:08:52.714,00:08:54.464,532.714,1.75,The boys found this..,4
4,00:08:54.714,00:08:57.130,534.714,2.416,on the floor in back of the Caddy.,4
5,00:08:57.380,00:09:01.255,537.38,3.875,"Yeah, they showed me.",4
6,00:09:01.839,00:09:03.963,541.839,2.124,Could be unrelated.,4
7,00:09:04.214,00:09:06.589,544.214,2.375,Could be.,4
8,00:09:06.839,00:09:11.547,546.839,4.708,Any of those dead kids wearin' pearl earrings?,4
9,00:09:12.881,00:09:17.214,552.881,4.333,No. Could be someone's missin' maybe.,4
10,00:09:17.464,00:09:20.923,557.464,3.459,That's what I'm thinkin'.,4
11,00:09:57.547,00:10:01.214,597.547,3.667,Just one more bag after that.,4
12,00:11:45.381,00:11:48.464,705.381,3.083,I just wanted to come here.,5
13,00:11:48.714,00:11:51.339,708.714,2.625,To Winkie's?,5
14,00:11:51.464,00:11:54.631,711.464,3.167,This Winkie's.,5
15,00:11:55.880,00:11:59.339,715.88,3.459,Okay. Why this Winkie's?,5
16,00:12:01.714,00:12:05.130,721.714,3.416,It's kind of embarrassing..,5
17,00:12:06.547,00:12:09.631,726.547,3.084,Go ahead.,5
18,00:12:09.714,00:12:11.464,729.714,1.75,I had a dream about this place.,5
19,00:12:11.714,00:12:13.130,731.714,1.416,Oh boy.,5
20,00:12:13.381,00:12:16.838,733.381,3.457,You see what I mean?,5
21,00:12:18.673,00:12:22.089,738.673,3.416,"Okay, so you had a dream about this place.",5
22,00:12:22.381,00:12:25.297,742.381,2.916,Tell me.,5
23,00:12:27.880,00:12:30.838,747.88,2.958,Well..,5
24,00:12:31.130,00:12:33.130,751.13,2.0,it's the second one I've had..,5
25,00:12:33.381,00:12:36.797,753.381,3.416,but they are both the same..,5
26,00:12:37.130,00:12:39.130,757.13,2.0,they start out that I'm in here but..,5
27,00:12:39.381,00:12:43.381,759.381,4.0,it's not day or night.,5
28,00:12:43.631,00:12:46.673,763.631,3.042,"It's kinda half night, you know?",5
29,00:12:46.922,00:12:49.506,766.922,2.584,But it looks just like this..,5
30,00:12:49.755,00:12:52.838,769.755,3.083,except for the light.,5
31,00:12:53.089,00:12:57.214,773.089,4.125,And I'm scared like I can't tell ya.,5
32,00:12:58.464,00:13:00.214,778.464,1.75,"Of all people,",5
33,00:13:00.464,00:13:04.172,780.464,3.708,you're standing right over there..,5
34,00:13:07.214,00:13:10.631,787.214,3.417,by that counter.,5
35,00:13:11.047,00:13:16.089,791.047,5.042,You're in both dreams and you're scared.,5
36,00:13:16.755,00:13:21.673,796.755,4.918,I get even more frightened when I see how afraid you are and..,5
37,00:13:24.130,00:13:27.631,804.13,3.501,then I realize what it is.,5
38,00:13:30.214,00:13:33.172,810.214,2.958,There's a man..,5
39,00:13:33.422,00:13:37.047,813.422,3.625,in back of this place.,5
40,00:13:38.047,00:13:41.422,818.047,3.375,He's the one who's doing it.,5
41,00:13:42.047,00:13:44.713,822.047,2.666,I can see him through the wall.,5
42,00:13:44.964,00:13:48.422,824.964,3.458,I can see his face..,5
43,00:13:53.047,00:13:55.339,833.047,2.292,I hope that I never see that face ever..,5
44,00:13:55.589,00:13:59.631,835.589,4.042,outside of the dream.,5
45,00:14:08.381,00:14:10.256,848.381,1.875,That's it.,6
46,00:14:10.506,00:14:12.047,850.506,1.541,So..,6
47,00:14:12.297,00:14:16.713,852.297,4.416,you came to see if he's out there.,6
48,00:14:18.172,00:14:22.256,858.172,4.084,To get rid of this god-awful feeling.,6
49,00:14:24.256,00:14:27.713,864.256,3.457,Right then.,6
50,00:15:13.130,00:15:16.588,913.13,3.458,It's around here.,6
51,00:16:25.005,00:16:29.339,985.005,4.334,Dan? You all right? Dan? Dan?,
52,00:16:55.714,00:16:58.381,1015.714,2.667,Hello?,7
53,00:16:58.880,00:17:03.880,1018.88,5.0,The girl is still missing.,7
54,00:17:22.672,00:17:23.922,1042.672,1.25,Talk to me.,8
55,00:17:24.172,00:17:27.588,1044.172,3.416,The same.,8
56,00:18:04.214,00:18:07.714,1084.214,3.5,Oh.. I can't believe it!,8
57,00:18:36.422,00:18:39.755,1116.422,3.333,"It's time to say goodbye, Betty.",9
58,00:18:40.006,00:18:41.755,1120.006,1.749,It's been so nice travelling with you.,9
59,00:18:42.006,00:18:45.298,1122.006,3.292,"Thank you, Irene. I was so excited and nervous.",9
60,00:18:45.547,00:18:46.964,1125.547,1.417,It was sure great to have you to talk to.,9
61,00:18:47.214,00:18:49.463,1127.214,2.249,Remember I'll be watching for you on the big screen.,9
62,00:18:49.714,00:18:53.131,1129.714,3.417,Okay Irene. Won't that be the day.,9
63,00:18:53.380,00:18:56.339,1133.38,2.959,"Good luck, Betty dear.",9
64,00:18:56.589,00:18:59.131,1136.589,2.542,Take care of yourself and be careful.,9
65,00:18:59.380,00:19:02.964,1139.38,3.584,I will. Thanks again.,9
66,00:19:03.214,00:19:06.006,1143.214,2.792,"Betty, it was so nice meeting you All the luck in the world.",9
67,00:19:06.256,00:19:09.547,1146.256,3.291,- Thank you. - Bye.,9
68,00:19:17.547,00:19:18.589,1157.547,1.042,My bags!,9
69,00:19:18.839,00:19:21.463,1158.839,2.624,Where to?,9
70,00:19:21.714,00:19:25.172,1161.714,3.458,1612 Havenhurst.,9
71,00:19:26.505,00:19:29.589,1166.505,3.084,Got it!,9
72,00:20:45.422,00:20:47.173,1245.422,1.751,Ten bucks says you're Betty.,9
73,00:20:47.422,00:20:49.922,1247.422,2.5,"Yes, I am, Mrs. Lenoix.",9
74,00:20:50.173,00:20:51.922,1250.173,1.749,It is Mrs. Lenoix isn't it?,9
75,00:20:52.173,00:20:54.964,1252.173,2.791,"Oh, in all my living glory, baby.",9
76,00:20:55.214,00:20:57.797,1255.214,2.583,- Pleased to meet you. - Just call me Coco.,9
77,00:20:58.047,00:21:01.464,1258.047,3.417,"Everybody else does. Wait there, and I'll go get the key.",9
78,00:21:01.714,00:21:04.797,1261.714,3.083,"OK, Coco.",9
79,00:21:07.881,00:21:10.547,1267.881,2.666,Wilkins?! Wilkins?!?!,9
80,00:21:10.797,00:21:14.547,1270.797,3.75,If that damned dog craps in the courtyard one more time..,9
81,00:21:14.797,00:21:18.047,1274.797,3.25,I'm just gonna bake his little butt for breakfast.,9
82,00:21:18.297,00:21:20.464,1278.297,2.167,"- You don't have pets do you? - No, I don't.",9
83,00:21:20.714,00:21:22.327,1280.714,1.613,"They're allowed, I just don't like 'em here..",9
84,00:21:22.340,00:21:23.964,1282.34,1.624,for obvious reasons.,9
85,00:21:24.214,00:21:26.589,1284.214,2.375,"You know, there was a man that lived here once..",9
86,00:21:26.839,00:21:29.338,1286.839,2.499,that had a prize fighting kangaroo.,9
87,00:21:29.589,00:21:31.714,1289.589,2.125,"Well, you just wouldn't believe..",9
88,00:21:31.964,00:21:35.755,1291.964,3.791,what that kangaroo did to this courtyard.,9
89,00:21:36.006,00:21:38.881,1296.006,2.875,Let's see your Aunt's apartment ..it's a good one.,9
90,00:21:39.131,00:21:42.589,1299.131,3.458,I can hardly wait!,9
91,00:21:48.547,00:21:50.464,1308.547,1.917,It's unbelievable!,9
92,00:21:50.714,00:21:53.797,1310.714,3.083,- I told ya. - Wow!,9
93,00:21:54.047,00:21:58.006,1314.047,3.959,"Well, you and your Aunt probably have an understanding, so here's the key.",9
94,00:21:58.255,00:22:00.797,1318.255,2.542,"And if you need anything, just give a holler.",9
95,00:22:01.047,00:22:04.297,1321.047,3.25,Everybody in this building's pretty much okay with me..,9
96,00:22:04.547,00:22:06.964,1324.547,2.417,or they wouldn't be here.,9
97,00:22:07.213,00:22:10.380,1327.213,3.167,"If you like, later on I'll introduce you around.",9
98,00:22:10.630,00:22:14.839,1330.63,4.209,No hard feelings if you don't.,9
99,00:23:39.213,00:23:42.672,1419.213,3.459,Oh my! I'm sorry. My Aunt Ruth didn't tell me someone was going to be here.,9
100,00:23:42.922,00:23:46.088,1422.922,3.166,- I'm so sorry. - It's OK,9
101,00:23:46.339,00:23:48.380,1426.339,2.041,I'm Ruth's niece. My name's Betty.,9
102,00:23:48.631,00:23:52.130,1428.631,3.499,I'm sure she told you I was coming.,9
103,00:23:52.380,00:23:54.130,1432.38,1.75,There was an accident.,9
104,00:23:54.380,00:23:56.297,1434.38,1.917,I came here.,9
105,00:23:56.547,00:23:58.964,1436.547,2.417,I understand. I saw the dress.,9
106,00:23:59.213,00:24:02.797,1439.213,3.584,Sorry. Are you all right?,9
107,00:24:03.048,00:24:06.006,1443.048,2.958,What happened?,9
108,00:24:06.255,00:24:08.672,1446.255,2.417,A car..,9
109,00:24:08.922,00:24:12.547,1448.922,3.625,a car accident.,9
110,00:24:13.088,00:24:16.589,1453.088,3.501,Oh.. You OK?,9
111,00:24:17.380,00:24:19.631,1457.38,2.251,I think so.,9
112,00:24:19.881,00:24:22.172,1459.881,2.291,I was just..,9
113,00:24:22.422,00:24:24.172,1462.422,1.75,taking a shower.,9
114,00:24:24.422,00:24:26.172,1464.422,1.75,Oh my god. I'm sorry.,9
115,00:24:26.422,00:24:31.213,1466.422,4.791,I'll let you get back to that. I'm going to get unpacked.,9
116,00:24:34.672,00:24:37.797,1474.672,3.125,What's your name?,9
117,00:24:40.006,00:24:45.756,1480.006,5.75,I'm sorry. I'll get out of here and we can talk later.,9
118,00:25:21.589,00:25:24.464,1521.589,2.875,My name's.. Rita.,10
119,00:25:24.714,00:25:27.589,1524.714,2.875,Hi..,10
120,00:25:27.756,00:25:30.172,1527.756,2.416,do you work with my Aunt?,10
121,00:25:30.422,00:25:32.797,1530.422,2.375,- No.. I.. - Sorry..,10
122,00:25:33.047,00:25:38.172,1533.047,5.125,it's none of my business.,10
123,00:25:40.380,00:25:42.130,1540.38,1.75,She has pretty red hair..,10
124,00:25:42.380,00:25:44.464,1542.38,2.084,She's letting me stay here while she's working on a movie..,10
125,00:25:44.714,00:25:46.464,1544.714,1.75,that's being made in Canada..,10
126,00:25:46.714,00:25:50.130,1546.714,3.416,but I guess you already know that.,10
127,00:25:50.380,00:25:52.631,1550.38,2.251,I couldn't afford a place like this in a million years.,10
128,00:25:52.881,00:25:56.714,1552.881,3.833,Unless of course I'm discovered and become a movie star.,10
129,00:25:56.963,00:26:00.005,1556.963,3.042,"Of course, I'd rather be known as a great actress than a movie star,",10
130,00:26:00.255,00:26:02.422,1560.255,2.167,but sometimes people end up being both,10
131,00:26:02.672,00:26:08.672,1562.672,6.0,"so that is, I guess you'd say, sort of why I came here.",10
132,00:26:10.881,00:26:14.339,1570.881,3.458,"I'm sorry, I'm just so excited to be here..",10
133,00:26:14.589,00:26:16.922,1574.589,2.333,"I mean I just came here from Deep River, Ontario..",10
134,00:26:17.172,00:26:19.756,1577.172,2.584,now I'm in this..,10
135,00:26:20.005,00:26:21.714,1580.005,1.709,dream place.,10
136,00:26:21.963,00:26:25.714,1581.963,3.751,You can imagine how I feel.,10
137,00:26:30.756,00:26:35.255,1590.756,4.499,Oh.. What? Sit down..,10
138,00:26:38.255,00:26:41.714,1598.255,3.459,Where were you hurt?,10
139,00:26:42.756,00:26:44.631,1602.756,1.875,- We should call a doctor. - No,10
140,00:26:44.881,00:26:47.422,1604.881,2.541,"- But, this could be serious. - No, I..",10
141,00:26:47.672,00:26:49.255,1607.672,1.583,I need to sleep.,10
142,00:26:49.506,00:26:51.547,1609.506,2.041,If you have a concussion you shouldn't sleep.,10
143,00:26:51.798,00:26:54.339,1611.798,2.541,It will feel okay if I sleep.,10
144,00:26:54.589,00:26:59.506,1614.589,4.917,I just need to lie down here and sleep.,10
145,00:27:55.672,00:27:59.172,1675.672,3.5,You see Adam.. there are some suggestions,10
146,00:27:59.422,00:28:01.381,1679.422,1.959,that are to be brought forward..,10
147,00:28:01.631,00:28:04.547,1681.631,2.916,and I know you said you would entertain suggestions,10
148,00:28:04.798,00:28:08.838,1684.798,4.04,and that's all anybody here is asking you to do.,10
149,00:28:09.089,00:28:11.047,1689.089,1.958,What are you talking about?,10
150,00:28:11.297,00:28:13.672,1691.297,2.375,An open mind..,10
151,00:28:13.922,00:28:16.963,1693.922,3.041,You're in the process of re-casting your lead actress and,10
152,00:28:17.214,00:28:18.963,1697.214,1.749,I'm..,10
153,00:28:19.214,00:28:24.880,1699.214,5.666,We're asking you to keep an open mind.,10
154,00:28:34.005,00:28:37.422,1714.005,3.417,What was it last time?,10
155,00:28:39.297,00:28:41.172,1719.297,1.875,OK. Let's try the next one.,10
156,00:28:41.422,00:28:43.714,1721.422,2.292,He's not gonna like it.,10
157,00:28:43.963,00:28:47.047,1723.963,3.084,We'll see.,10
158,00:28:52.714,00:28:54.589,1732.714,1.875,Ah.. Castigliane brothers.,10
159,00:28:54.838,00:28:58.255,1734.838,3.417,Let me introduce you around..,10
160,00:28:58.290,00:29:01.464,1738.29,3.174,please.. take a seat.,10
161,00:29:01.714,00:29:03.755,1741.714,2.041,"This is Mr. Darby, whom you know",10
162,00:29:04.005,00:29:07.422,1744.005,3.417,and this is the director Adam Kesher..,10
163,00:29:07.673,00:29:12.422,1747.673,4.749,and his manager Robert Smith.,10
164,00:29:43.631,00:29:45.755,1783.631,2.124,"Oh,",10
165,00:29:46.005,00:29:49.422,1786.005,3.417,She's very pretty.,10
166,00:29:49.506,00:29:54.464,1789.506,4.958,"May I offer you, gentlemen.. anything?",10
167,00:29:55.130,00:29:57.631,1795.13,2.501,- Espresso. - Nothing.,10
168,00:29:57.880,00:30:02.838,1797.88,4.958,- What's the photo for? - An espresso.,10
169,00:30:02.964,00:30:05.047,1802.964,2.083,"No, that's it.",10
170,00:30:05.297,00:30:07.339,1805.297,2.042,I think you're gonna enjoy your espresso this time.,10
171,00:30:07.589,00:30:11.089,1807.589,3.5,I've done quite a bit of a research knowing how hard you are to please.,10
172,00:30:11.339,00:30:13.755,1811.339,2.416,This one comes highly recommended.,10
173,00:30:14.005,00:30:16.880,1814.005,2.875,What's the photo for?,10
174,00:30:17.130,00:30:19.130,1817.13,2.0,It's a recommendation..,10
175,00:30:19.381,00:30:23.297,1819.381,3.916,"a recommendation to you, Adam,",10
176,00:30:23.547,00:30:27.297,1823.547,3.75,- It's not a recommendation. - This is the girl.,10
177,00:30:27.547,00:30:31.172,1827.547,3.625,"What girl? For what? What is this, Ray?",10
178,00:30:31.422,00:30:35.672,1831.422,4.25,We'd be happy to put her on the list for consideration.,10
179,00:30:35.922,00:30:41.130,1835.922,5.208,You'd be pleased to know there's quite a bit of interest in this role.,10
180,00:30:41.381,00:30:43.672,1841.381,2.291,Interest? No.,10
181,00:30:43.922,00:30:46.464,1843.922,2.542,There's six of the top actresses that want this thing.,10
182,00:30:46.713,00:30:48.130,1846.713,1.417,This is the girl.,10
183,00:30:48.381,00:30:51.297,1848.381,2.916,"- Ray, take care of this. - Hold on, Adam.",10
184,00:30:51.548,00:30:53.297,1851.548,1.749,Hold on?,10
185,00:30:53.548,00:30:57.464,1853.548,3.916,There's no way. There's no way!,10
186,00:31:11.214,00:31:13.797,1871.214,2.583,Napkin.,11
187,00:31:14.047,00:31:17.256,1874.047,3.209,- Pardon? - Napkin.,11
188,00:31:17.506,00:31:19.964,1877.506,2.458,Of course.,11
189,00:31:20.214,00:31:23.630,1880.214,3.416,Excuse me.,11
190,00:31:38.839,00:31:42.256,1898.839,3.417,Is that all sir?,11
191,00:32:37.713,00:32:38.672,1957.713,0.959,Shit.,11
192,00:32:38.922,00:32:41.339,1958.922,2.417,Sorry! That was a highly recommended..,11
193,00:32:41.588,00:32:43.839,1961.588,2.251,"That's considered one of the finest espressos in the world, Sir.",11
194,00:32:44.089,00:32:47.588,1964.089,3.499,What's going on here? There's no way that girl is in my movie.,11
195,00:32:47.839,00:32:51.089,1967.839,3.25,HELP ME!,11
196,00:32:51.339,00:32:52.797,1971.339,1.458,This is the girl.,11
197,00:32:53.047,00:32:58.005,1973.047,4.958,Hey! That girl is not in my film!,11
198,00:32:59.339,00:33:03.256,1979.339,3.917,It's no longer your film.,11
199,00:33:06.755,00:33:10.214,1986.755,3.459,This is the girl.,12
200,00:33:47.672,00:33:51.089,2027.672,3.417,Did the Castigliane brothers get out of that limo?,12
201,00:33:51.214,00:33:53.339,2031.214,2.125,- The two guys in dark suits? - Yeah.,12
202,00:33:53.588,00:33:57.714,2033.588,4.126,- Yes. - Keep that door open.,12
203,00:34:06.630,00:34:08.297,2046.63,1.667,Castigliane brothers?,12
204,00:34:08.547,00:34:11.964,2048.547,3.417,"Beat it, pal.",12
205,00:34:54.880,00:34:58.339,2094.88,3.459,"Good afternoon, Mr. Roque.",12
206,00:34:59.089,00:35:03.131,2099.089,4.042,Her name's Camilla Rhodes.,12
207,00:35:03.381,00:35:07.922,2103.381,4.541,The director doesn't want her.,12
208,00:35:09.339,00:35:13.797,2109.339,4.458,Do you want him replaced?,12
209,00:35:14.714,00:35:18.172,2114.714,3.458,I know they said..,12
210,00:35:18.714,00:35:21.047,2118.714,2.333,Then?,12
211,00:35:21.298,00:35:23.463,2121.298,2.165,Then..,12
212,00:35:23.714,00:35:27.131,2123.714,3.417,that means we should..,12
213,00:35:29.256,00:35:32.256,2129.256,3.0,Yes?,12
214,00:35:32.505,00:35:34.256,2132.505,1.751,Shut everything down..,12
215,00:35:34.505,00:35:37.839,2134.505,3.334,Is that something that..,12
216,00:35:38.547,00:35:40.339,2138.547,1.792,do you want us..,12
217,00:35:40.589,00:35:44.047,2140.589,3.458,to shut everything down?,12
218,00:35:47.797,00:35:52.256,2147.797,4.459,Then we'll shut everything down.,12
219,00:36:20.089,00:36:23.505,2180.089,3.416,"Oh man, that's unheard of..",12
220,00:36:23.755,00:36:28.380,2183.755,4.625,an accident like that.. who could have foreseen that?,12
221,00:36:29.214,00:36:31.047,2189.214,1.833,"- That's unreal, right?",12
222,00:36:31.298,00:36:33.797,2191.298,2.499,"Hell, yeah.",12
223,00:36:34.047,00:36:37.672,2194.047,3.625,Unbelievable.,12
224,00:36:42.672,00:36:45.006,2202.672,2.334,"So, bro.. God you look good!",12
225,00:36:45.256,00:36:47.006,2205.256,1.75,What have you been doin'?,12
226,00:36:47.256,00:36:50.463,2207.256,3.207,Just doin' some stuff for this guy.,12
227,00:36:50.714,00:36:53.589,2210.714,2.875,"Yeah? Making ends meet, huh?",12
228,00:36:53.839,00:36:57.387,2213.839,3.548,Hardly.,12
229,00:36:57.422,00:36:58.964,2217.422,1.542,"I know, man.",12
230,00:36:59.214,00:37:02.089,2219.214,2.875,Look at my digs.,12
231,00:37:02.338,00:37:05.422,2222.338,3.084,"Times are tough, bro.",12
232,00:37:05.714,00:37:09.797,2225.714,4.083,"Hey, man, it's not that bad.",12
233,00:37:10.047,00:37:11.797,2230.047,1.75,I hope you're not goin' to get in any trouble.,12
234,00:37:12.047,00:37:13.839,2232.047,1.792,It was just a thing.,12
235,00:37:14.089,00:37:15.839,2234.089,1.75,The story made you laugh.,12
236,00:37:16.089,00:37:21.047,2236.089,4.958,- It was a funny story. - Fucking car accident.,12
237,00:37:23.047,00:37:26.131,2243.047,3.084,"Hey, so that's it?",12
238,00:37:26.380,00:37:30.214,2246.38,3.834,It's the famous black book.,12
239,00:37:31.714,00:37:37.173,2251.714,5.459,The history of the world in phone numbers.,12
240,00:38:06.255,00:38:09.714,2286.255,3.459,"Oh, man!",12
241,00:38:20.630,00:38:24.297,2300.63,3.667,Something bit me BAD!,12
242,00:38:58.213,00:39:01.172,2338.213,2.959,God!,12
243,00:39:13.213,00:39:14.464,2353.213,1.251,Hey man!,13
244,00:39:14.714,00:39:19.172,2354.714,4.458,She's hurt bad! Could you come here and call on the phone. Please I need you!,13
245,00:39:19.422,00:39:23.964,2359.422,4.542,She's hurt bad! You gotta call the hospital,13
246,00:39:24.213,00:39:25.964,2364.213,1.751,Come on man! I'm serious about this!,13
247,00:39:26.213,00:39:30.297,2366.213,4.084,I can't do everything by myself!,13
248,00:39:49.547,00:39:52.422,2389.547,2.875,Hey man!,13
249,00:40:32.464,00:40:35.922,2432.464,3.458,OH!,13
250,00:40:50.172,00:40:52.964,2450.172,2.792,Okay Aunt Ruth.. I'll try.,13
251,00:40:53.213,00:40:58.213,2453.213,5.0,I'm gonna study those lines until I know them inside out.,13
252,00:40:58.464,00:41:01.422,2458.464,2.958,"Yep, either here on this fabulous leather couch..",13
253,00:41:01.672,00:41:03.422,2461.672,1.75,or I'll take them with a coffee in the courtyard..,13
254,00:41:03.672,00:41:06.297,2463.672,2.625,like a regular movie star.,13
255,00:41:06.547,00:41:08.839,2466.547,2.292,Oh! I got a real shock to find your friend Rita here.,13
256,00:41:09.088,00:41:13.672,2469.088,4.584,She was in the shower and I opened the door..,13
257,00:41:14.964,00:41:17.505,2474.964,2.541,what do you mean?,13
258,00:41:17.756,00:41:20.797,2477.756,3.041,She was in an accident.,13
259,00:41:21.047,00:41:25.213,2481.047,4.166,"Rita, your friend.",13
260,00:41:25.380,00:41:29.213,2485.38,3.833,"No, Coco unlocked the door.",13
261,00:41:29.255,00:41:32.213,2489.255,2.958,"No, she didn't see her.",13
262,00:41:32.464,00:41:35.339,2492.464,2.875,She's sleeping.,13
263,00:41:35.589,00:41:37.297,2495.589,1.708,"I'm sure there's some explanation for this Aunt Ruth,",13
264,00:41:37.547,00:41:41.297,2497.547,3.75,I don't think we have to do that.,13
265,00:41:42.255,00:41:47.589,2502.255,5.334,Please don't worry.. we don't need the police.,13
266,00:41:59.881,00:42:02.505,2519.881,2.624,You're awake..,13
267,00:42:05.547,00:42:07.297,2525.547,1.75,I think I misunderstood.,14
268,00:42:07.547,00:42:10.964,2527.547,3.417,I thought you knew my Aunt and that's why you were here.,14
269,00:42:11.214,00:42:16.339,2531.214,5.125,I just talked to my Aunt on the phone and she wants me to call the police.,14
270,00:42:26.547,00:42:28.839,2546.547,2.292,I'm.. sorry. I..,14
271,00:42:29.088,00:42:32.547,2549.088,3.459,What is it Rita?,14
272,00:42:34.797,00:42:37.130,2554.797,2.333,I thought when I woke up..,14
273,00:42:37.380,00:42:39.963,2557.38,2.583,I thought sleep would do it..,14
274,00:42:40.214,00:42:43.088,2560.214,2.874,What's wrong?,14
275,00:42:44.380,00:42:46.589,2564.38,2.209,I don't know who I am.,14
276,00:42:46.839,00:42:48.797,2566.839,1.958,What do you mean? You're Rita.,14
277,00:42:49.047,00:42:53.130,2569.047,4.083,I'm not. I don't know what my name is.,14
278,00:42:53.380,00:42:57.797,2573.38,4.417,I don't know who I am!,14
279,00:43:06.714,00:43:12.005,2586.714,5.291,This is your purse. Your name must be in your purse.,15
280,00:43:12.255,00:43:15.589,2592.255,3.334,"You want to know, don't you?",15
281,00:43:15.839,00:43:19.547,2595.839,3.708,"- I.. yes, but.. I.. - Open it!",15
282,00:44:53.047,00:44:56.672,2693.047,3.625,- You sure you don't want anything? - Not here.. no thanks.,16
283,00:44:56.922,00:44:59.547,2696.922,2.625,Not a coke or something?,16
284,00:44:59.798,00:45:01.297,2699.798,1.499,No.. thanks though..,16
285,00:45:01.547,00:45:05.756,2701.547,4.209,I'll take a cigarette if you have one.,16
286,00:45:07.130,00:45:11.255,2707.13,4.125,"Sure, reach inside my shirt pocket there.",16
287,00:45:14.714,00:45:18.381,2714.714,3.667,Any new girls on the street lately?,16
288,00:45:21.381,00:45:24.797,2721.381,3.416,No. I haven't seen any.,16
289,00:45:24.963,00:45:26.797,2724.963,1.834,A brunette?,16
290,00:45:27.047,00:45:30.464,2727.047,3.417,Maybe a little beat up?,16
291,00:45:35.547,00:45:37.922,2735.547,2.375,You'll keep your eyes open for me won't you baby?,16
292,00:45:38.172,00:45:42.922,2738.172,4.75,- Sure. - You bet you will.,16
293,00:45:44.422,00:45:47.880,2744.422,3.458,That money.,16
294,00:45:48.673,00:45:53.506,2748.673,4.833,You don't know where it came from?,16
295,00:45:54.047,00:45:59.880,2754.047,5.833,When you think of them.. the money.. the key..,16
296,00:46:00.339,00:46:04.755,2760.339,4.416,does it make you remember anything?,16
297,00:46:05.172,00:46:09.179,2765.172,4.007,Something..,16
298,00:46:09.214,00:46:13.422,2769.214,4.208,something there.,16
299,00:46:24.214,00:46:25.797,2784.214,1.583,What did you say?,16
300,00:46:26.047,00:46:27.964,2786.047,1.917,They fired everyone.,16
301,00:46:28.214,00:46:30.256,2788.214,2.042,Who fired everyone?,16
302,00:46:30.506,00:46:34.631,2790.506,4.125,"Ray did! Please I'm talking on the phone,",16
303,00:46:34.880,00:46:37.797,2794.88,2.917,and then they closed the set.. everybody's gone.,16
304,00:46:38.047,00:46:41.464,2798.047,3.417,You'd better get down here Adam!,16
305,00:46:42.797,00:46:45.381,2802.797,2.584,You've got to talk to Ray you've got to fix this.,16
306,00:46:45.631,00:46:47.089,2805.631,1.458,I'm going home.,16
307,00:46:47.339,00:46:48.631,2807.339,1.292,Home?!,16
308,00:46:48.880,00:46:50.631,2808.88,1.751,Meet me at the office. We've got to do something..,16
309,00:46:50.880,00:46:52.631,2810.88,1.751,you've got to do something Adam!,16
310,00:46:52.880,00:46:54.797,2812.88,1.917,"I'm going home, Cynthia.",16
311,00:46:55.047,00:46:56.880,2815.047,1.833,"Adam, this isn't like you.",16
312,00:46:57.130,00:46:58.547,2817.13,1.417,Please come to the office.,16
313,00:46:58.797,00:47:02.922,2818.797,4.125,- There must be something we can do. - I'm going home.,16
314,00:47:12.506,00:47:16.297,2832.506,3.791,I wonder where you were going.,16
315,00:47:19.672,00:47:23.339,2839.672,3.667,Mulholland drive.,16
316,00:47:27.047,00:47:30.214,2847.047,3.167,Mulholland drive?,16
317,00:47:30.964,00:47:32.964,2850.964,2.0,That's where I was going..,16
318,00:47:33.214,00:47:37.214,2853.214,4.0,Mulholland Drive.,16
319,00:47:37.464,00:47:41.130,2857.464,3.666,Maybe that's where the accident was.,16
320,00:47:41.381,00:47:44.880,2861.381,3.499,There must be a police report. We could call..,16
321,00:47:45.130,00:47:46.880,2865.13,1.75,We could call anonymously from a pay phone..,16
322,00:47:47.130,00:47:50.047,2867.13,2.917,just to see if there was an accident.,16
323,00:47:50.297,00:47:52.713,2870.297,2.416,Come on. It'll be just like in the movies.,16
324,00:47:52.964,00:47:56.922,2872.964,3.958,We'll pretend to be someone else.,16
325,00:47:57.172,00:47:59.005,2877.172,1.833,I want to walk around anyway.,16
326,00:47:59.256,00:48:02.464,2879.256,3.208,I'm in Hollywood and I haven't even seen any of it.,16
327,00:48:02.713,00:48:07.172,2882.713,4.459,Come on Rita. Do you feel up to it?,16
328,00:48:15.047,00:48:18.713,2895.047,3.666,Okay.. but just,16
329,00:48:19.214,00:48:21.506,2899.214,2.292,just to see.,16
330,00:48:21.755,00:48:25.755,2901.755,4.0,Just to see if there was an accident..,16
331,00:48:26.005,00:48:29.964,2906.005,3.959,on Mulholland Drive.,16
332,00:49:11.047,00:49:13.797,2951.047,2.75,Lorraine?,16
333,00:49:14.047,00:49:17.506,2954.047,3.459,Lorraine.. you home?,16
334,00:49:17.880,00:49:20.256,2957.88,2.376,Lorraine..,16
335,00:49:41.339,00:49:44.755,2981.339,3.416,"Now, you've done it!",16
336,00:49:45.506,00:49:50.381,2985.506,4.875,Just forget you ever saw. It's better that way.,16
337,00:49:51.588,00:49:56.172,2991.588,4.584,What the hell are you even doing here?,16
338,00:50:06.505,00:50:10.672,3006.505,4.167,What are you doing?,17
339,00:50:12.089,00:50:15.047,3012.089,2.958,THAT'S MY JEWELRY!,17
340,00:50:30.880,00:50:34.089,3030.88,3.209,That bastard You bastard!,17
341,00:50:34.339,00:50:38.006,3034.339,3.667,He's probably upset Lorraine.,17
342,00:50:42.964,00:50:46.505,3042.964,3.541,WHAT.. ARE.. YOU.. DOING!?,17
343,00:50:46.547,00:50:49.630,3046.547,3.083,STOP IT! STOP IT!,17
344,00:50:49.880,00:50:51.922,3049.88,2.042,"Adam, STOP IT!",17
345,00:50:52.172,00:50:55.297,3052.172,3.125,STOP IT! STOP IT!,17
346,00:50:55.547,00:50:59.964,3055.547,4.417,"Adam, STOP IT!",17
347,00:51:00.047,00:51:05.797,3060.047,5.75,What're you doin' You're hurting me!,17
348,00:51:08.880,00:51:10.994,3068.88,2.114,"That's not a way to treat your wife, buddy.",17
349,00:51:11.007,00:51:13.131,3071.007,2.124,I don't care what she's done.,17
350,00:51:13.381,00:51:16.297,3073.381,2.916,Throw him out!,17
351,00:51:18.463,00:51:23.630,3078.463,5.167,Throw him out!,17
352,00:51:28.839,00:51:32.422,3088.839,3.583,Get out!,17
353,00:52:10.214,00:52:13.672,3130.214,3.458,Let's hide it.,17
354,00:52:57.380,00:53:00.839,3177.38,3.459,There's one.,17
355,00:53:14.881,00:53:16.922,3194.881,2.041,Hollywood Police Department,17
356,00:53:17.172,00:53:20.672,3197.172,3.5,I'm inquiring about an accident that happened last night on Mulholland Drive.,17
357,00:53:20.922,00:53:24.797,3200.922,3.875,Hold please. I'll connect you to traffic.,17
358,00:53:25.380,00:53:30.297,3205.38,4.917,"- Sergeant Baxter, - Hi. I'm inquiring..",17
359,00:53:30.505,00:53:34.006,3210.505,3.501,"well, I heard a sound last night that sounded sort of like a carcrash and",17
360,00:53:34.256,00:53:38.131,3214.256,3.875,I want to know if there was an accident on Mulholland Drive.,17
361,00:53:38.380,00:53:40.131,3218.38,1.751,"Yes, there was.",17
362,00:53:40.380,00:53:43.256,3220.38,2.876,- Can you tell me what happened? - No. I can't.,17
363,00:53:43.505,00:53:47.797,3223.505,4.292,- Was anyone hurt? - May I have your name please?,17
364,00:53:53.214,00:53:55.297,3233.214,2.083,There was an accident.,17
365,00:53:55.547,00:53:57.338,3235.547,1.791,"He wouldn't tell me anything else, but that was your accident Rita.",17
366,00:53:57.589,00:54:01.012,3237.589,3.423,I just know it was.,17
367,00:54:01.047,00:54:03.464,3241.047,2.417,Maybe there's something about it in the papers.,18
368,00:54:03.714,00:54:07.464,3243.714,3.75,Come on we'll buy a cup of coffee and we can see.,18
369,00:54:10.173,00:54:13.630,3250.173,3.457,Maybe it happened so late it's not going to be in today's paper.,18
370,00:54:13.881,00:54:17.338,3253.881,3.457,There's nothing?,18
371,00:54:17.422,00:54:20.964,3257.422,3.542,Not that I can see.,18
372,00:54:21.214,00:54:24.297,3261.214,3.083,That's Ok.,18
373,00:54:27.505,00:54:28.173,3267.505,0.668,Thanks..,18
374,00:54:28.422,00:54:33.173,3268.422,4.751,Diane.,18
375,00:54:37.422,00:54:39.797,3277.422,2.375,That'd be all? You want your check?,18
376,00:54:40.047,00:54:43.380,3280.047,3.333,"Rita, you want something?",18
377,00:54:44.797,00:54:50.630,3284.797,5.833,- No. Just the coffee. - I'll take our check.,18
378,00:54:56.505,00:54:59.922,3296.505,3.417,- What is it Rita? - Shhhh.,18
379,00:55:06.464,00:55:09.922,3306.464,3.458,I remember something..,18
380,00:55:14.173,00:55:17.464,3314.173,3.291,- What is it? - Diane Selwyn.,18
381,00:55:17.714,00:55:21.672,3317.714,3.958,Maybe that's my name.,18
382,00:55:25.505,00:55:29.380,3325.505,3.875,D. Selwyn.. it's the only one.,18
383,00:55:29.630,00:55:33.089,3329.63,3.459,I'm gonna call.,18
384,00:55:38.881,00:55:40.964,3338.881,2.083,It's strange to be calling yourself.,18
385,00:55:41.213,00:55:44.672,3341.213,3.459,Maybe it's not me.,18
386,00:55:51.964,00:55:53.714,3351.964,1.75,Hello.. this is me.,18
387,00:55:53.964,00:55:57.338,3353.964,3.374,Leave me a message.,18
388,00:55:58.131,00:56:01.380,3358.131,3.249,It's not my voice..,18
389,00:56:01.630,00:56:05.089,3361.63,3.459,but I know her.,18
390,00:56:05.505,00:56:08.839,3365.505,3.334,Maybe that isn't Diane Selwyn's voice.,18
391,00:56:09.089,00:56:11.130,3369.089,2.041,Maybe that's your roommate..,18
392,00:56:11.380,00:56:13.589,3371.38,2.209,or if it is Diane Selwyn..,18
393,00:56:13.839,00:56:16.881,3373.839,3.042,she can tell you who you are.,18
394,00:56:17.130,00:56:22.797,3377.13,5.667,Maybe. Maybe. Maybe.,18
395,00:57:02.048,00:57:04.631,3422.048,2.583,"- Yeah, right.. get lost! - Is this Adam Kesher's house?",19
396,00:57:04.881,00:57:06.422,3424.881,1.541,Like hell it is! Get out.. NOW!,19
397,00:57:06.672,00:57:09.756,3426.672,3.084,Get out!,19
398,00:57:16.881,00:57:22.088,3436.881,5.207,Get out of here! He's never coming back! Ever!,19
399,00:57:23.464,00:57:25.589,3443.464,2.125,I guess you don't understand English. She said to leave.,19
400,00:57:25.839,00:57:28.589,3445.839,2.75,Here's the door.,19
401,00:57:28.839,00:57:32.964,3448.839,4.125,OUT!,19
402,00:58:01.422,00:58:04.047,3481.422,2.625,"- Yeah.. what is it, Cookie? - I'm sorry Mr. Kesher..",19
403,00:58:04.297,00:58:08.130,3484.297,3.833,but there seems tobe some problem with your credit cards.,19
404,00:58:08.380,00:58:12.631,3488.38,4.251,"What? I pay you cash, Cookie.",19
405,00:58:14.672,00:58:17.756,3494.672,3.084,Fact is two guys from your bank came by.,19
406,00:58:18.005,00:58:20.422,3498.005,2.417,My bank?,19
407,00:58:20.672,00:58:24.881,3500.672,4.209,- How'd they know I was here? - I don't know.,19
408,00:58:25.005,00:58:26.172,3505.005,1.167,What did they say?,19
409,00:58:26.422,00:58:30.714,3506.422,4.292,I'm afraid they said you're maxed out at your bank..,19
410,00:58:30.964,00:58:35.756,3510.964,4.792,and your line of credit has been cancelled.,19
411,00:58:35.964,00:58:39.339,3515.964,3.375,It's unbelievable.,19
412,00:58:39.631,00:58:42.714,3519.631,3.083,Look..,19
413,00:58:43.797,00:58:46.631,3523.797,2.834,I don't know what's going on.,19
414,00:58:46.881,00:58:50.339,3526.881,3.458,That's so much baloney.,19
415,00:58:51.339,00:58:53.380,3531.339,2.041,I've got enough cash for you Cookie.,19
416,00:58:53.631,00:58:55.714,3533.631,2.083,I know.. I know..,19
417,00:58:55.963,00:58:57.756,3535.963,1.793,Don't worry..,19
418,00:58:58.005,00:59:00.631,3538.005,2.626,I'm sorry.,19
419,00:59:00.881,00:59:04.297,3540.881,3.416,It was my duty to inform you.,19
420,00:59:06.756,00:59:12.464,3546.756,5.708,"People you're hiding from, they know where you are.",19
421,00:59:12.756,00:59:15.714,3552.756,2.958,Right.,19
422,00:59:15.756,00:59:18.881,3555.756,3.125,I'm sorry,19
423,00:59:41.047,00:59:42.172,3581.047,1.125,Hello?,19
424,00:59:42.422,00:59:44.214,3582.422,1.792,Someone's maybe shut off my money!,19
425,00:59:44.464,00:59:46.214,3584.464,1.75,I know. Where are you Adam?,19
426,00:59:46.464,00:59:48.506,3586.464,2.042,What do you mean you know?,19
427,00:59:48.756,00:59:50.506,3588.756,1.75,Somebody called. When they couldn't get you..,19
428,00:59:50.756,00:59:52.922,3590.756,2.166,they told me you were as good as broke.,19
429,00:59:53.172,00:59:55.214,3593.172,2.042,"I didn't believe them, so I made a few calls.",19
430,00:59:55.464,00:59:57.631,3595.464,2.167,- And? - You're broke!,19
431,00:59:57.881,00:59:59.255,3597.881,1.374,But I'm not broke!,19
432,00:59:59.506,01:00:03.756,3599.506,4.25,"I know, but you're broke. Where are you?",19
433,01:00:03.881,01:00:06.297,3603.881,2.416,I'm at Cookie's Downtown.,19
434,01:00:06.547,01:00:10.963,3606.547,4.416,"Do you know somebody called the ""The Cowboy""?",19
435,01:00:11.214,01:00:13.339,3611.214,2.125,"- ""The Cowboy""? - Yes",19
436,01:00:13.589,01:00:15.047,3613.589,1.458,"Yeah, the Cowboy.",19
437,01:00:15.297,01:00:18.172,3615.297,2.875,"This guy, the Cowboy, wants to see you.",19
438,01:00:18.422,01:00:22.297,3618.422,3.875,Jason said he thought it would be a good idea.,19
439,01:00:22.589,01:00:25.631,3622.589,3.042,"Oh, Jason thought it would be a good idea for me to go to see the Cowboy.",19
440,01:00:25.880,01:00:29.005,3625.88,3.125,Should I wear my ten gallon hat and my six shooters?,19
441,01:00:29.255,01:00:33.756,3629.255,4.501,"Listen. Something tells me this guy is connected to what's happening,",19
442,01:00:34.005,01:00:37.672,3634.005,3.667,and I think you should do it and I think you should do it right away.,19
443,01:00:37.922,01:00:39.672,3637.922,1.75,"What's going on, Cynthia?",19
444,01:00:39.922,01:00:43.839,3639.922,3.917,It's been a very strange day..,19
445,01:00:44.214,01:00:47.631,3644.214,3.417,and getting stranger.,19
446,01:00:48.506,01:00:52.422,3648.506,3.916,Where do I meet this Cowboy? I mean.. do I have to ride out to the range?,19
447,01:00:52.672,01:00:54.714,3652.672,2.042,"Sort of, funny boy.",19
448,01:00:54.963,01:00:56.798,3654.963,1.835,If I tell him the meeting's on..,19
449,01:00:57.047,01:00:59.672,3657.047,2.625,you have to go to the top of Beachwood Canyon.,19
450,01:00:59.922,01:01:03.756,3659.922,3.834,There's a corral up there where he'll be.,19
451,01:01:04.005,01:01:06.464,3664.005,2.459,You've got to be kidding me!,19
452,01:01:06.714,01:01:08.880,3666.714,2.166,Will you meet with him?,19
453,01:01:09.130,01:01:11.172,3669.13,2.042,"Yeah, sure.",19
454,01:01:11.422,01:01:14.547,3671.422,3.125,It's been that kind of a day. When?,19
455,01:01:14.798,01:01:16.714,3674.798,1.916,"I'll call him, right away..",19
456,01:01:16.963,01:01:19.464,3676.963,2.501,then I'll call you back.,19
457,01:01:19.714,01:01:24.631,3679.714,4.917,"You could stay at my place, if you want it.",19
458,01:01:24.880,01:01:26.838,3684.88,1.958,Cynthia.. I don't think it'll be a good idea.,19
459,01:01:27.089,01:01:29.172,3687.089,2.083,I'm just offering a place to stay.,19
460,01:01:29.422,01:01:32.464,3689.422,3.042,"And I appreciate the offer, Cynthia. I'll find a place.",19
461,01:01:32.714,01:01:35.922,3692.714,3.208,Now go on and give the Cowboy a yodel and get back to me.,19
462,01:01:36.172,01:01:39.673,3696.172,3.501,"Okay, but you don't know what you're missing.",19
463,01:01:39.922,01:01:44.714,3699.922,4.792,Just get along little dowgie and call me back.,19
464,01:01:55.089,01:01:57.339,3715.089,2.25,It's right about here on Sierra Bonita.,19
465,01:01:57.589,01:02:00.422,3717.589,2.833,That's not too far away.,19
466,01:02:00.673,01:02:03.464,3720.673,2.791,What's wrong with that?,19
467,01:02:03.714,01:02:07.172,3723.714,3.458,I'm not sure about this.,19
468,01:02:07.547,01:02:10.838,3727.547,3.291,I know you're afraid of something.,19
469,01:02:11.089,01:02:14.756,3731.089,3.667,We'll be careful. Promise.,19
470,01:02:14.797,01:02:18.255,3734.797,3.458,Tomorrow we'll go over there..,19
471,01:02:18.506,01:02:22.047,3738.506,3.541,and we'll find out.,19
472,01:02:33.797,01:02:36.880,3753.797,3.083,It'll be okay.,19
473,01:02:38.255,01:02:41.714,3758.255,3.459,It's probabily Coco,19
474,01:02:43.673,01:02:44.922,3763.673,1.249,Yes?,19
475,01:02:45.172,01:02:46.339,3765.172,1.167,May I help you?,19
476,01:02:46.589,01:02:50.214,3766.589,3.625,Someone is in trouble.,19
477,01:02:50.547,01:02:53.214,3770.547,2.667,Who are you?,19
478,01:02:53.464,01:02:56.130,3773.464,2.666,What are you doing in Ruth's apartment?,19
479,01:02:56.381,01:02:58.297,3776.381,1.916,She's letting me stay here.,19
480,01:02:58.547,01:03:00.964,3778.547,2.417,I'm her niece. My name's Betty.,19
481,01:03:01.214,01:03:02.755,3781.214,1.541,No it's not.,19
482,01:03:03.005,01:03:05.422,3783.005,2.417,That's not what she said.,19
483,01:03:05.673,01:03:10.172,3785.673,4.499,Someone is in trouble. Something bad is happening!,19
484,01:03:10.422,01:03:13.755,3790.422,3.333,"I'm sorry, but I don't know who you are and..",19
485,01:03:14.005,01:03:18.464,3794.005,4.459,Louise.. What are you doing Louise?,19
486,01:03:19.256,01:03:22.631,3799.256,3.375,"Oh, Coco! I've been trying to find you all afternoon since 3:00 o'clock.",19
487,01:03:22.880,01:03:26.047,3802.88,3.167,That one is in my room and she won't leave.,19
488,01:03:26.297,01:03:29.964,3806.297,3.667,I want you to get her out. I want you to get her out now.,19
489,01:03:30.214,01:03:32.797,3810.214,2.583,This is Louise Bonner. I'm sure she meant well.,19
490,01:03:33.047,01:03:36.964,3813.047,3.917,"Louise, this is Betty, this is Ruth's niece.",19
491,01:03:37.214,01:03:40.089,3817.214,2.875,In fact and fortunately I was just on my way here to see Betty.,19
492,01:03:40.339,01:03:42.880,3820.339,2.541,Betty's a young actress and I was just delivering..,19
493,01:03:43.130,01:03:46.297,3823.13,3.167,some faxed pages of a scene for a big audition tomorrow.,19
494,01:03:46.548,01:03:49.130,3826.548,2.582,"- Well, here they are honey. - Oh, thank you.",19
495,01:03:49.381,01:03:51.797,3829.381,2.416,Now come along Louise and I'll take you home.,19
496,01:03:52.047,01:03:54.755,3832.047,2.708,I'm sorry. It happens sometimes. Come on.,19
497,01:03:55.005,01:03:57.339,3835.005,2.334,"No, she said it was someone else who was in trouble.",19
498,01:03:57.589,01:04:00.506,3837.589,2.917,"Stop it, Louise. I'm taking you home..",19
499,01:04:00.755,01:04:02.589,3840.755,1.834,Come on.,19
500,01:04:02.838,01:04:05.422,3842.838,2.584,- Goodnight Betty. - Goodnight.,19
501,01:04:05.672,01:04:08.755,3845.672,3.083,Goodnight.,19
502,01:04:46.713,01:04:49.672,3886.713,2.959,Cowboy!,19
503,01:05:56.588,01:06:00.755,3956.588,4.167,- Howdy! - Howdy to you.,19
504,01:06:01.506,01:06:04.630,3961.506,3.124,Beautiful evening.,19
505,01:06:07.630,01:06:09.964,3967.63,2.334,Sure want to thank ya for coming all the way up to see me..,19
506,01:06:10.214,01:06:14.026,3970.214,3.812,from that nice hotel Downtown.,19
507,01:06:14.061,01:06:17.839,3974.061,3.778,No problem. What's on your mind?,19
508,01:06:18.089,01:06:22.423,3978.089,4.334,"Well now, here's a man who wants to get right down to it.",19
509,01:06:22.672,01:06:25.297,3982.672,2.625,Kinda anxious to get to it are ya?,19
510,01:06:25.547,01:06:28.464,3985.547,2.917,Whatever.,19
511,01:06:28.922,01:06:31.381,3988.922,2.459,A man's attitude..,19
512,01:06:31.630,01:06:34.256,3991.63,2.626,a man's attitude goes some ways,19
513,01:06:34.505,01:06:37.131,3994.505,2.626,the way his life will be.,19
514,01:06:37.381,01:06:40.464,3997.381,3.083,Is that somethin' you might agree with?,19
515,01:06:40.714,01:06:42.339,4000.714,1.625,Sure.,19
516,01:06:42.588,01:06:46.256,4002.588,3.668,Now.. did you answer because you thought that's what I wanted to hear..,19
517,01:06:46.505,01:06:48.547,4006.505,2.042,or did you think about what I said..,19
518,01:06:48.797,01:06:53.755,4008.797,4.958,and answer cause you truly believe that to be right?,19
519,01:06:54.005,01:06:59.547,4014.005,5.542,I agree with what you said.. truly.,19
520,01:06:59.797,01:07:03.256,4019.797,3.459,What did I say?,19
521,01:07:04.547,01:07:09.797,4024.547,5.25,That a man's attitude determines to a large extent how his life will be.,19
522,01:07:09.922,01:07:12.339,4029.922,2.417,So since you agree..,19
523,01:07:12.588,01:07:17.423,4032.588,4.835,you must be a person who does not care about the good life.,19
524,01:07:17.672,01:07:21.381,4037.672,3.709,How's that?,19
525,01:07:21.463,01:07:25.297,4041.463,3.834,"Well, stop for a little second and think about it.",19
526,01:07:25.547,01:07:29.297,4045.547,3.75,Can you do that for me?,19
527,01:07:30.172,01:07:34.714,4050.172,4.542,"Okay, I'm thinking.",19
528,01:07:36.672,01:07:38.505,4056.672,1.833,No. You're not thinkin',19
529,01:07:38.755,01:07:42.880,4058.755,4.125,You're too busy being a smart aleck to be thinkin'.,19
530,01:07:43.131,01:07:47.256,4063.131,4.125,Now I want ya to think and stop bein' a smart aleck.,19
531,01:07:47.505,01:07:49.672,4067.505,2.167,Can you try that for me?,19
532,01:07:49.922,01:07:54.463,4069.922,4.541,Look.. where's this going? What do you want me to do?,19
533,01:07:54.714,01:07:57.131,4074.714,2.417,There's sometimes a buggy.,19
534,01:07:57.381,01:08:00.505,4077.381,3.124,How many drivers does a buggy have?,19
535,01:08:00.755,01:08:02.505,4080.755,1.75,One.,20
536,01:08:02.755,01:08:05.797,4082.755,3.042,So let's just say I'm drivin' this buggy..,20
537,01:08:06.047,01:08:10.797,4086.047,4.75,and you if fix your attitude you can ride along with me.,20
538,01:08:11.214,01:08:12.339,4091.214,1.125,Okay.,20
539,01:08:12.588,01:08:16.381,4092.588,3.793,I want you to go back to work tomorrow.,20
540,01:08:16.630,01:08:18.922,4096.63,2.292,You were re-casting the lead actress anyway..,20
541,01:08:19.172,01:08:23.089,4099.172,3.917,audition many girls for the part.,20
542,01:08:23.339,01:08:28.131,4103.339,4.792,"When you see the girl that was shown to you earlier today, you will say:",20
543,01:08:28.381,01:08:31.505,4108.381,3.124,"""This is the girl"".",20
544,01:08:31.755,01:08:34.089,4111.755,2.334,The rest of the cast can stay.,20
545,01:08:34.339,01:08:36.797,4114.339,2.458,That is up to you.,20
546,01:08:37.047,01:08:41.422,4117.047,4.375,But that lead girl is not up to you.,20
547,01:08:41.964,01:08:44.630,4121.964,2.666,"Now, you will see me one more time..",20
548,01:08:44.880,01:08:47.298,4124.88,2.418,if you do good.,20
549,01:08:47.547,01:08:50.422,4127.547,2.875,You will see me two more times..,20
550,01:08:50.672,01:08:52.839,4130.672,2.167,if you do bad.,20
551,01:08:53.089,01:08:56.214,4133.089,3.125,Good night.,20
552,01:09:19.714,01:09:21.463,4159.714,1.749,You're still here?,20
553,01:09:21.714,01:09:24.338,4161.714,2.624,I came back. I thought that's what you wanted.,20
554,01:09:24.589,01:09:27.172,4164.589,2.583,Nobody wants you here!,20
555,01:09:27.422,01:09:29.089,4167.422,1.667,Really?,20
556,01:09:29.338,01:09:31.797,4169.338,2.459,My parents are right upstairs! They think you've left.,20
557,01:09:32.047,01:09:36.047,4172.047,4.0,- So.. surprise.. - I can call them.. I can call my dad..,20
558,01:09:36.298,01:09:38.298,4176.298,2.0,But you won't..,20
559,01:09:38.547,01:09:41.672,4178.547,3.125,If you're trying to blackmail me.. it's not going to work.,20
560,01:09:41.922,01:09:43.755,4181.922,1.833,You're playing a dangerous game here.,20
561,01:09:44.006,01:09:46.172,4184.006,2.166,You know what I want.. it's not that difficult.,20
562,01:09:46.422,01:09:49.797,4186.422,3.375,Get out! Get out before I call my dad..,20
563,01:09:50.047,01:09:53.006,4190.047,2.959,he trusts you.. you're his best friend.,20
564,01:09:53.256,01:09:55.547,4193.256,2.291,This will be the end of everything.,20
565,01:09:55.797,01:09:58.839,4195.797,3.042,What about you? What will your dad think about you?,20
566,01:09:59.089,01:10:03.422,4199.089,4.333,Stop! Just stop! That's what you said from the beginning.,20
567,01:10:03.547,01:10:06.589,4203.547,3.042,If I tell what happened.. they'll arrest you and put you in jail.,20
568,01:10:06.839,01:10:08.672,4206.839,1.833,So get out of here before..,20
569,01:10:08.922,01:10:12.256,4208.922,3.334,Before what?,20
570,01:10:12.505,01:10:15.547,4212.505,3.042,Before I kill you.,20
571,01:10:15.797,01:10:19.630,4215.797,3.833,Then they'd put you in jail.,20
572,01:10:21.297,01:10:25.089,4221.297,3.792,"Then I cry, cry, cry, and then I say with big emotion:",20
573,01:10:25.338,01:10:29.589,4225.338,4.251,"""I hate you.. I hate us both!""",20
574,01:10:31.214,01:10:32.755,4231.214,1.541,Such a lame scene.,20
575,01:10:33.006,01:10:36.089,4233.006,3.083,But you are really good.,20
576,01:10:36.338,01:10:39.422,4236.338,3.084,Thank you dahling!,20
577,01:10:53.422,01:10:54.297,4253.422,0.875,Hi there!,20
578,01:10:54.547,01:10:57.672,4254.547,3.125,Who are you?,20
579,01:11:07.964,01:11:11.964,4267.964,4.0,"Betty, can I see you outside for a minute?",20
580,01:11:25.047,01:11:29.922,4285.047,4.875,- What is it Coco? - Your aunt called,20
581,01:11:30.089,01:11:31.380,4290.089,1.291,I was afraid of that.,20
582,01:11:31.630,01:11:35.547,4291.63,3.917,She wants to know who's staying in her apartment.,20
583,01:11:35.945,01:11:38.695,4295.945,2.75,"It's just for a night or two, until she finds her own place.",20
584,01:11:38.945,01:11:41.195,4298.945,2.25,"I tried to explain that to Aunt Ruth, but the connection was bad..",20
585,01:11:41.445,01:11:44.278,4301.445,2.833,"and her plane was leaving, and she got it all mixed up.",20
586,01:11:44.528,01:11:46.528,4304.528,2.0,I kept telling her it was my friend Rita..,20
587,01:11:46.779,01:11:50.320,4306.779,3.541,and she kept saying she didn't know any Ritas..,20
588,01:11:50.570,01:11:52.445,4310.57,1.875,"Look at me straight, sweetie.",20
589,01:11:52.695,01:11:54.612,4312.695,1.917,Coco.. she's very nice.,20
590,01:11:54.862,01:11:56.445,4314.862,1.583,Honey.. you're a good kid.,20
591,01:11:56.695,01:11:59.862,4316.695,3.167,What you're telling me is a load of horse-pucky,20
592,01:12:00.112,01:12:02.737,4320.112,2.625,even though it comes from a good place.,20
593,01:12:02.987,01:12:06.112,4322.987,3.125,"Now, I'm gonna trust you to sort this thing out",20
594,01:12:06.362,01:12:09.820,4326.362,3.458,- Thank you. - Don't make me out to be a sucker.,20
595,01:12:10.071,01:12:12.195,4330.071,2.124,Louise Bonner says there's trouble in there.,20
596,01:12:12.445,01:12:14.195,4332.445,1.75,Remember last night?,20
597,01:12:14.445,01:12:17.820,4334.445,3.375,"Well, sometimes she's wrong,",20
598,01:12:18.071,01:12:23.320,4338.071,5.249,but if there is trouble get rid of it.,20
599,01:12:32.071,01:12:33.987,4352.071,1.916,Is everything all right?,20
600,01:12:34.236,01:12:35.946,4354.236,1.71,Is it bad for you that I'm here?,20
601,01:12:36.195,01:12:39.320,4356.195,3.125,"No, no, everything is A-okay.",20
602,01:12:39.570,01:12:41.570,4359.57,2.0,"Now, I've gotta fix that sandwich!",20
603,01:12:41.820,01:12:46.278,4361.82,4.458,And my audition is in one hour.,20
604,01:13:04.820,01:13:07.445,4384.82,2.625,I hope I'm back in a couple of hours.,21
605,01:13:07.695,01:13:10.612,4387.695,2.917,- Don't drink all the coke. - Good luck!,21
606,01:13:10.862,01:13:13.946,4390.862,3.084,"When I get back I'll have the cab waiting, so be ready to go.",21
607,01:13:14.195,01:13:17.612,4394.195,3.417,- Okay. - Okay?,21
608,01:13:44.946,01:13:46.820,4424.946,1.874,Voil�!,21
609,01:13:47.070,01:13:49.904,4427.07,2.834,"Betty Elms, I'd like you to meet..",21
610,01:13:50.153,01:13:53.070,4430.153,2.917,"Jack Tuptman, my assistant,",21
611,01:13:53.320,01:13:54.946,4433.32,1.626,Woody Katz who we've cast in the part..,21
612,01:13:55.195,01:13:59.195,4435.195,4.0,"of ""Chuck"". He'll do the scene with you.",21
613,01:13:59.737,01:14:01.111,4439.737,1.374,"Bob Brooker, the director",21
614,01:14:01.362,01:14:03.904,4441.362,2.542,and Julie Chadwick..,21
615,01:14:04.153,01:14:06.445,4444.153,2.292,"Now, our surprise guest is:",21
616,01:14:06.695,01:14:08.737,4446.695,2.042,Linney James.,21
617,01:14:08.987,01:14:11.070,4448.987,2.083,"Alas we can't afford her to cast our show,",21
618,01:14:11.320,01:14:13.946,4451.32,2.626,but as casting agents go..,21
619,01:14:14.195,01:14:16.654,4454.195,2.459,she's the best.,21
620,01:14:16.904,01:14:19.779,4456.904,2.875,"Why thank you, Wally. Hello Betty.",21
621,01:14:20.029,01:14:21.737,4460.029,1.708,Very pleased to meet you.,21
622,01:14:21.987,01:14:25.695,4461.987,3.708,"This is my assistant, Nicki.",21
623,01:14:25.862,01:14:28.028,4465.862,2.166,"Oh, and the ever lovely Martha,",21
624,01:14:28.278,01:14:32.153,4468.278,3.875,"Martha Johnson, who you met out front.",21
625,01:14:32.445,01:14:34.612,4472.445,2.167,Hi.,21
626,01:14:34.862,01:14:39.070,4474.862,4.208,So shall we get it to go?,21
627,01:14:39.320,01:14:42.821,4479.32,3.501,Would you like a water or a coffee before we begin?,21
628,01:14:43.070,01:14:44.821,4483.07,1.751,"No, no, I'm fine.",21
629,01:14:45.070,01:14:50.070,4485.07,5.0,"Well then, let's everyone take a seat.",21
630,01:14:52.487,01:14:57.737,4492.487,5.25,"Betty, why don't you join Woody over there and we'll play the scene.",21
631,01:14:57.987,01:15:00.612,4497.987,2.625,"Bob, do you have anything you wish to say..",21
632,01:15:00.862,01:15:03.737,4500.862,2.875,something to Betty before we begin?,21
633,01:15:03.987,01:15:07.862,4503.987,3.875,"No.. it's not a contest,",21
634,01:15:08.112,01:15:13.570,4508.112,5.458,"the two of them with themselves,",21
635,01:15:13.946,01:15:17.487,4513.946,3.541,so don't play it for real..,21
636,01:15:17.737,01:15:22.195,4517.737,4.458,until it gets real.,21
637,01:15:25.904,01:15:27.737,4525.904,1.833,Okay.,21
638,01:15:27.986,01:15:30.362,4527.986,2.376,"Just tell me where it hurts, baby.",21
639,01:15:30.612,01:15:31.529,4530.612,0.917,What?,21
640,01:15:31.779,01:15:33.779,4531.779,2.0,"Hey Bobby, I want to play this one nice and close,",21
641,01:15:34.028,01:15:35.737,4534.028,1.709,"like we did with that other girl,",21
642,01:15:35.986,01:15:37.246,4535.986,1.26,what's her name? The one with the black hair.,21
643,01:15:37.259,01:15:38.529,4537.259,1.27,That felt kinda good.,21
644,01:15:38.779,01:15:40.278,4538.779,1.499,"- Whaddya think? - That's good, Woody.",21
645,01:15:40.529,01:15:42.821,4540.529,2.292,Just don't rush that line again.,21
646,01:15:43.070,01:15:47.529,4543.07,4.459,"I told you.. the line where you say, ""Before what?""",21
647,01:15:47.779,01:15:50.320,4547.779,2.541,"Bobby, acting is reacting..",21
648,01:15:50.570,01:15:53.945,4550.57,3.375,I just play off 'em. They all say:,21
649,01:15:54.195,01:15:55.904,4554.195,1.709,"""They're gonna arrest you"" like that..",21
650,01:15:56.153,01:15:58.028,4556.153,1.875,"""put you in jail"".. They all say it the same way,",21
651,01:15:58.278,01:16:00.487,4558.278,2.209,so I react like that.,21
652,01:16:00.737,01:16:02.737,4560.737,2.0,- What's your name? - Betty,21
653,01:16:02.986,01:16:07.487,4562.986,4.501,"Yeah.. Betty, look.. You don't rush it. I don't rush it.",21
654,01:16:07.737,01:16:10.487,4567.737,2.75,We're gonna play it nice and close..,21
655,01:16:10.737,01:16:15.153,4570.737,4.416,just like in the movies. OK?,21
656,01:16:16.153,01:16:19.654,4576.153,3.501,Dad's best friend goes to work.,21
657,01:16:24.195,01:16:28.612,4584.195,4.417,And.. ACTION!,21
658,01:16:32.195,01:16:35.619,4592.195,3.424,You're still here?,21
659,01:16:35.654,01:16:39.070,4595.654,3.416,I came back. I thought that's what you wanted.,21
660,01:16:39.320,01:16:42.362,4599.32,3.042,- Nobody wants you here. - Really?,21
661,01:16:42.612,01:16:46.779,4602.612,4.167,My parents are right upstairs! They think you've left.,21
662,01:16:47.028,01:16:49.112,4607.028,2.084,So.. surprise!,21
663,01:16:49.362,01:16:52.570,4609.362,3.208,I can call them.. I can call my dad..,21
664,01:16:52.821,01:16:55.903,4612.821,3.082,But you won't..,21
665,01:17:10.404,01:17:14.487,4630.404,4.083,You're playing a dangerous game here..,21
666,01:17:14.696,01:17:17.529,4634.696,2.833,if you're trying to blackmail me..,21
667,01:17:17.779,01:17:21.278,4637.779,3.499,it's not gonna work.,21
668,01:17:21.696,01:17:23.945,4641.696,2.249,You know what I want..,21
669,01:17:24.195,01:17:27.654,4644.195,3.459,It's not that difficult.,21
670,01:17:29.195,01:17:32.278,4649.195,3.083,Get out..,21
671,01:17:32.861,01:17:36.070,4652.861,3.209,Get out before I call my dad.,21
672,01:17:36.320,01:17:38.404,4656.32,2.084,He trusts you..,21
673,01:17:38.654,01:17:40.612,4658.654,1.958,You're..,21
674,01:17:40.861,01:17:43.987,4660.861,3.126,his best friend.,21
675,01:17:46.737,01:17:50.696,4666.737,3.959,This will be the end of everything.,21
676,01:17:51.861,01:17:55.779,4671.861,3.918,What about you? What will your dad think about you?,21
677,01:17:56.028,01:17:58.487,4676.028,2.459,Stop..,21
678,01:17:58.737,01:18:01.820,4678.737,3.083,stop it!,21
679,01:18:02.195,01:18:05.654,4682.195,3.459,That's what you said from the beginning.,22
680,01:18:06.445,01:18:08.779,4686.445,2.334,If I tell them what happened.. they'll arrest you..,22
681,01:18:09.028,01:18:12.445,4689.028,3.417,"and put you in jail,",22
682,01:18:18.070,01:18:20.070,4698.07,2.0,so get out of here..,22
683,01:18:20.320,01:18:23.237,4700.32,2.917,before..,22
684,01:18:25.362,01:18:28.487,4705.362,3.125,Before what?,22
685,01:18:45.654,01:18:48.028,4725.654,2.374,Before..,22
686,01:18:48.279,01:18:51.778,4728.279,3.499,I kill you.,22
687,01:19:05.529,01:19:09.028,4745.529,3.499,Then they'd put you in jail.,22
688,01:19:16.862,01:19:19.903,4756.862,3.041,I hate you..,22
689,01:19:20.362,01:19:23.778,4760.362,3.416,I hate us both!,22
690,01:19:37.987,01:19:42.529,4777.987,4.542,- I'm going to take her over there. - Yeah big time!,22
691,01:19:45.237,01:19:47.903,4785.237,2.666,"Wow! Well, there it was.",22
692,01:19:48.154,01:19:50.362,4788.154,2.208,There it was all right!,22
693,01:19:50.612,01:19:54.945,4790.612,4.333,"Baby, you got away with it!",22
694,01:19:57.112,01:19:59.820,4797.112,2.708,Very good. Really.,22
695,01:20:00.070,01:20:02.529,4800.07,2.459,I mean it was forced maybe..,22
696,01:20:02.778,01:20:06.612,4802.778,3.834,but still humanistic.,22
697,01:20:06.862,01:20:07.612,4806.862,0.75,"Yeah,",22
698,01:20:07.862,01:20:09.612,4807.862,1.75,"very good,",22
699,01:20:09.862,01:20:13.945,4809.862,4.083,really.,22
700,01:20:18.695,01:20:21.154,4818.695,2.459,Oh I thank you Betty..,22
701,01:20:21.404,01:20:23.862,4821.404,2.458,and I really mean that sincerely.,22
702,01:20:24.112,01:20:28.112,4824.112,4.0,"I mean, it was extraordinary.",22
703,01:20:28.362,01:20:29.862,4828.362,1.5,You've done your Aunt proud..,22
704,01:20:30.112,01:20:34.070,4830.112,3.958,and I'm going to tell her the first chance I get.,22
705,01:20:34.320,01:20:36.571,4834.32,2.251,"Now, you and I..",22
706,01:20:36.820,01:20:38.571,4836.82,1.751,are gonna speak again soon.,22
707,01:20:38.820,01:20:40.945,4838.82,2.125,Thank you Mr. Brown.,22
708,01:20:41.195,01:20:42.945,4841.195,1.75,"Thank you, Wally.",22
709,01:20:43.195,01:20:46.320,4843.195,3.125,I'm sure you all have a lot to talk about. We'll walk Betty out.,22
710,01:20:46.571,01:20:50.320,4846.571,3.749,"Well, yes indeed. And it was our pleasure, Linney.",22
711,01:20:50.571,01:20:52.945,4850.571,2.374,Don't you be a stranger around here.,22
712,01:20:53.195,01:20:56.112,4853.195,2.917,"- We'd love to have you here. - Come on, Betty.",22
713,01:20:56.362,01:20:57.945,4856.362,1.583,"Thank you again, Mr. Brown.",22
714,01:20:58.195,01:21:02.571,4858.195,4.376,It was nice meeting all of you.,22
715,01:21:08.945,01:21:11.695,4868.945,2.75,Wow!,23
716,01:21:11.945,01:21:13.695,4871.945,1.75,How do you find her..,23
717,01:21:13.945,01:21:17.404,4873.945,3.459,"God, that was awful!",23
718,01:21:17.653,01:21:20.070,4877.653,2.417,Not you Betty. You were stellar and I mean that,23
719,01:21:20.320,01:21:21.945,4880.32,1.625,But poor Wally.,23
720,01:21:22.195,01:21:24.112,4882.195,1.917,- He'll never get that picture made. - Why?,23
721,01:21:24.362,01:21:26.487,4884.362,2.125,Wally's days were up twenty years ago.,23
722,01:21:26.737,01:21:29.695,4886.737,2.958,You know Woody Katz is only doing it for a favor?,23
723,01:21:29.945,01:21:31.903,4889.945,1.958,And the cast is terrible..,23
724,01:21:32.154,01:21:34.028,4892.154,1.874,"Oh, God, terrible",23
725,01:21:34.279,01:21:36.404,4894.279,2.125,Poor old fool Wally..,23
726,01:21:36.653,01:21:40.404,4896.653,3.751,It was very nice and he seems so sweet.,23
727,01:21:40.653,01:21:43.446,4900.653,2.793,"And Wally.. Mr. Brown.. is a very close friendof my Aunt's, so..",23
728,01:21:43.695,01:21:46.446,4903.695,2.751,"Settle down, Betty. Don't get me wrong. I love Wally.",23
729,01:21:46.695,01:21:50.154,4906.695,3.459,I ought to. I was married to him for ten years.,23
730,01:21:50.404,01:21:53.237,4910.404,2.833,"And I love actors, all actors.",23
731,01:21:53.487,01:21:56.571,4913.487,3.084,We just get a little catty sometimes.,23
732,01:21:56.820,01:21:59.320,4916.82,2.5,Now we want to take you across and introduce you to a director..,23
733,01:21:59.571,01:22:01.237,4919.571,1.666,who's a head above the rest,23
734,01:22:01.487,01:22:04.279,4921.487,2.792,He's got a project that you would kill!,23
735,01:22:04.529,01:22:08.029,4924.529,3.5,Knock it right out of the park.,23
736,01:24:00.070,01:24:02.820,5040.07,2.75,"Cut it! Thank you very much, Carol. I'm coming back.",23
737,01:24:03.070,01:24:05.279,5043.07,2.209,Checking the gate? Checking the gate!,23
738,01:24:05.528,01:24:07.279,5045.528,1.751,Thank you! Will tell you what happens next!,23
739,01:24:07.528,01:24:10.570,5047.528,3.042,"Thank you very much, for coming in I know how busy you are.",23
740,01:24:10.820,01:24:12.246,5050.82,1.426,"Oh, are you kidding me? I love this script!",23
741,01:24:12.259,01:24:13.695,5052.259,1.436,Show me where to sign!,23
742,01:24:13.945,01:24:15.695,5053.945,1.75,Look.. I love you..,23
743,01:24:15.945,01:24:18.445,5055.945,2.5,but there's no way they're gonna let me cast this thing until I've seen everyone.,23
744,01:24:18.695,01:24:20.445,5058.695,1.75,- I'll let you know as soon as I can. - I know you will.,23
745,01:24:20.695,01:24:24.570,5060.695,3.875,Cause my manager's gonna be bugging you day and night.. and me.,23
746,01:24:24.820,01:24:25.850,5064.82,1.03,"It'll be my pleasure. Now, get out of here.",23
747,01:24:25.863,01:24:26.904,5065.863,1.041,"Oh, you're just so cruel to me..",23
748,01:24:27.154,01:24:29.279,5067.154,2.125,don't forget me. I'm the girl that's going to play this part.,23
749,01:24:29.528,01:24:32.778,5069.528,3.25,See ya later.,23
750,01:24:33.029,01:24:35.070,5073.029,2.041,Hank.. where's Hank?,23
751,01:24:35.321,01:24:39.029,5075.321,3.708,"- Who's next, Hank? - Camilla Rhodes.",23
752,01:24:39.112,01:24:42.196,5079.112,3.084,- Is she ready? - Already.,23
753,01:24:42.445,01:24:46.362,5082.445,3.917,- Bring her in. - Camilla Rhodes next.,23
754,01:24:51.196,01:24:55.987,5091.196,4.791,"Sylvia North's story, Camilla Rhodes, take one.",23
755,01:24:56.112,01:24:58.737,5096.112,2.625,"Ok, here we go.. Let's lock it up, please!",23
756,01:24:58.987,01:25:01.237,5098.987,2.25,- Roll sound please.. - That's it!,23
757,01:25:01.486,01:25:04.945,5101.486,3.459,Playback! ACTION!,24
758,01:25:35.112,01:25:36.987,5135.112,1.875,Get Jason over here.,24
759,01:25:37.237,01:25:41.279,5137.237,4.042,Cindy.. Adam wants to see Jason.,24
760,01:26:19.241,01:26:21.738,5179.241,2.497,"Did you want to tell me something, Adam?",24
761,01:26:32.528,01:26:36.029,5192.528,3.501,This is the girl!,24
762,01:26:39.612,01:26:44.196,5199.612,4.584,"Excellent choice, Adam.",24
763,01:26:53.361,01:26:56.487,5213.361,3.126,Oh.. my goodness.,24
764,01:27:04.820,01:27:06.945,5224.82,2.125,I have to be somewhere.,24
765,01:27:07.196,01:27:10.278,5227.196,3.082,I promised a friend.,24
766,01:27:10.528,01:27:14.196,5230.528,3.668,I'm sorry. I must go..,24
767,01:27:38.403,01:27:40.945,5258.403,2.542,It should be around here..,24
768,01:27:41.196,01:27:43.528,5261.196,2.332,2590.. That's it.,24
769,01:27:43.779,01:27:45.278,5263.779,1.499,Up there!,24
770,01:27:45.528,01:27:47.989,5265.528,2.461,- Does it look familiar? - No.,24
771,01:27:55.820,01:27:58.112,5275.82,2.292,- Don't stop! - What is it? What do you see?!,24
772,01:27:58.362,01:28:02.695,5278.362,4.333,"- Those men in front, in the car. - Do you know them?!",24
773,01:28:02.945,01:28:04.112,5282.945,1.167,- No.. but.. - Keep going.,24
774,01:28:04.362,01:28:07.779,5284.362,3.417,Go around to the back.,24
775,01:28:55.445,01:28:58.904,5335.445,3.459,Selwyn.. number 12.,24
776,01:29:21.153,01:29:24.570,5361.153,3.417,"Now, you've got me scared.",24
777,01:29:48.111,01:29:52.904,5388.111,4.793,"See, I told you there was nothing to be afraid of!",24
778,01:30:54.779,01:30:57.195,5454.779,2.416,Betty wait.. wait,24
779,01:30:58.320,01:31:01.237,5458.32,2.917,Oh no.. don't.,24
780,01:31:25.695,01:31:27.278,5485.695,1.583,No one's home.,24
781,01:31:27.529,01:31:30.821,5487.529,3.292,Yes?,24
782,01:31:35.529,01:31:39.362,5495.529,3.833,Number 17.,24
783,01:31:39.403,01:31:42.570,5499.403,3.167,But it said number 12.,24
784,01:31:43.695,01:31:47.570,5503.695,3.875,I switched apartments with her. She's in 17.,24
785,01:31:47.821,01:31:51.153,5507.821,3.332,It's down in the end on the left.,24
786,01:31:54.695,01:31:58.445,5514.695,3.75,She hasn't been around for a few days..,24
787,01:31:59.986,01:32:03.904,5519.986,3.918,- Oh.. we'll leave her a note. - I'll go with you.,24
788,01:32:05.904,01:32:09.362,5525.904,3.458,She's still got some of my stuff.,24
789,01:32:13.779,01:32:17.362,5533.779,3.583,You go ahead. I've got to get that.,24
790,01:32:31.654,01:32:33.779,5551.654,2.125,I guess you're not Diane Selwyn.,24
791,01:32:34.028,01:32:37.487,5554.028,3.459,Guess I'm not.,24
792,01:33:12.945,01:33:16.445,5592.945,3.5,Still no one's home I guess.,24
793,01:33:44.654,01:33:46.112,5624.654,1.458,- What are you doing? - C'mon!,24
794,01:33:46.362,01:33:49.070,5626.362,2.708,C'mon help me in. Come on.,24
795,01:33:49.320,01:33:52.737,5629.32,3.417,I'll open the front door.,24
796,01:33:58.320,01:34:01.404,5638.32,3.084,C'mon.,24
797,01:36:31.612,01:36:35.028,5791.612,3.416,I know what you're doing.,24
798,01:36:54.778,01:36:58.195,5814.778,3.417,"I know what you have to do,",24
799,01:36:59.820,01:37:03.279,5819.82,3.459,but let me do it.,24
800,01:37:10.820,01:37:14.279,5830.82,3.459,Let me do it.,24
801,01:37:36.320,01:37:39.820,5856.32,3.5,You look like someone else.,24
802,01:38:00.487,01:38:02.737,5880.487,2.25,"Good night, Betty.",24
803,01:38:02.987,01:38:04.778,5882.987,1.791,You don't wear it in the house.,24
804,01:38:05.028,01:38:06.903,5885.028,1.875,What?,24
805,01:38:07.154,01:38:09.903,5887.154,2.749,The wig.,24
806,01:38:10.154,01:38:13.279,5890.154,3.125,Just I'm looking at myself again..,24
807,01:38:13.529,01:38:15.237,5893.529,1.708,I'll take it off to sleep.,24
808,01:38:15.487,01:38:17.695,5895.487,2.208,And you don't have to sleep on that couch.,24
809,01:38:17.945,01:38:19.945,5897.945,2.0,"No, it's okay.",24
810,01:38:20.195,01:38:23.112,5900.195,2.917,No it's not. This is a huge bed.,24
811,01:38:23.362,01:38:26.903,5903.362,3.541,"C'mon, just get in and get a good night sleep.",24
812,01:38:57.695,01:39:01.362,5937.695,3.667,"It's more confortable than the couch, isn't it?",24
813,01:39:01.611,01:39:04.446,5941.611,2.835,Yes.,25
814,01:39:10.321,01:39:13.112,5950.321,2.791,"Thank you, Betty.",25
815,01:39:13.154,01:39:15.154,5953.154,2.0,It's nothing.,25
816,01:39:15.404,01:39:17.529,5955.404,2.125,I shouldn't have let you sleep on the couch last night.,25
817,01:39:17.778,01:39:20.321,5957.778,2.543,No.. I mean..,25
818,01:39:20.570,01:39:24.945,5960.57,4.375,Thank you for everything.,25
819,01:39:26.778,01:39:30.195,5966.778,3.417,You're welcome.,25
820,01:39:38.862,01:39:42.321,5978.862,3.459,"Good night, sweet Betty.",25
821,01:39:50.862,01:39:53.987,5990.862,3.125,Good night.,25
822,01:40:34.653,01:40:38.446,6034.653,3.793,Have you ever done this before?,25
823,01:40:38.987,01:40:40.904,6038.987,1.917,I don't know!,25
824,01:40:41.154,01:40:44.279,6041.154,3.125,Have you?,25
825,01:40:56.612,01:41:00.404,6056.612,3.792,I want to with you..,25
826,01:41:25.237,01:41:28.945,6085.237,3.708,I'm in love with you.,25
827,01:41:42.321,01:41:46.029,6102.321,3.708,I'm in love with you.,25
828,01:42:11.695,01:42:14.528,6131.695,2.833,Silencio.,25
829,01:42:15.487,01:42:18.279,6135.487,2.792,Silencio.,25
830,01:42:18.778,01:42:21.737,6138.778,2.959,Silencio.,25
831,01:42:22.653,01:42:25.778,6142.653,3.125,No hay banda.,25
832,01:42:26.361,01:42:29.612,6146.361,3.251,No hay banda.,25
833,01:42:29.653,01:42:32.904,6149.653,3.251,No hay orquestra.,25
834,01:42:33.904,01:42:43.361,6153.904,9.457,Silencio.,25
835,01:42:44.321,01:42:47.154,6164.321,2.833,Silencio.,25
836,01:42:47.987,01:42:50.820,6167.987,2.833,Silencio.,25
837,01:42:51.779,01:42:54.237,6171.779,2.458,- Rita? - No hay banda.,25
838,01:42:54.487,01:42:57.570,6174.487,3.083,"Rita, wake up",25
839,01:42:58.862,01:43:02.570,6178.862,3.708,"- No, no.. - It's ok, it's ok.",25
840,01:43:02.820,01:43:05.570,6182.82,2.75,No it's not ok.,26
841,01:43:05.820,01:43:08.695,6185.82,2.875,What's wrong?,26
842,01:43:08.945,01:43:12.403,6188.945,3.458,Go with me somewhere..,26
843,01:43:13.237,01:43:18.695,6193.237,5.458,It's 2 o'clock It's 2 o'clock in the morning.,26
844,01:43:20.112,01:43:23.279,6200.112,3.167,Go with me somewhere..,26
845,01:43:23.528,01:43:27.613,6203.528,4.085,Sure. Now?,26
846,01:43:28.820,01:43:31.031,6208.82,2.211,Right now!,26
847,01:45:05.112,01:45:08.487,6305.112,3.375,No hay banda!,26
848,01:45:08.737,01:45:12.236,6308.737,3.499,There is no band!,26
849,01:45:12.487,01:45:16.403,6312.487,3.916,Il n'est pas de orquestra!,26
850,01:45:16.654,01:45:19.236,6316.654,2.582,This is all..,26
851,01:45:19.487,01:45:22.154,6319.487,2.667,a tape-recording.,26
852,01:45:22.403,01:45:23.403,6322.403,1.0,No hay banda!,26
853,01:45:23.654,01:45:28.820,6323.654,5.166,And yet we hear a band.,26
854,01:45:28.946,01:45:32.362,6328.946,3.416,If we want to hear a clarinette..,26
855,01:45:32.612,01:45:35.112,6332.612,2.5,listen..,26
856,01:45:40.528,01:45:45.820,6340.528,5.292,"Un trombon ""  coulisse"".",26
857,01:45:48.445,01:45:52.487,6348.445,4.042,"Un trombon ""con sordina"".",26
858,01:45:52.612,01:45:59.570,6352.612,6.958,Sient le son du trombon in sourdine.,26
859,01:46:02.195,01:46:04.987,6362.195,2.792,Hear le son..,26
860,01:46:05.195,01:46:10.153,6365.195,4.958,and mute it.. drop it..,26
861,01:46:26.654,01:46:30.820,6386.654,4.166,It's all recorded.,26
862,01:46:32.029,01:46:36.445,6392.029,4.416,No hay banda!,26
863,01:46:36.487,01:46:41.403,6396.487,4.916,It's all a tape.,26
864,01:46:50.529,01:46:53.362,6410.529,2.833,Il n'est pas de orquestra.,26
865,01:46:53.612,01:46:55.904,6413.612,2.292,It is..,26
866,01:46:56.153,01:46:59.695,6416.153,3.542,an illusion.,26
867,01:47:02.862,01:47:05.820,6422.862,2.958,Listen..,27
868,01:48:18.904,01:48:21.153,6498.904,2.249,Senoras y senores..,27
869,01:48:21.403,01:48:27.529,6501.403,6.126,el club Silencio les presenta la llorona de Los Angeles:,27
870,01:48:27.779,01:48:32.195,6507.779,4.416,Rebekah del Rio.,27
871,01:53:11.028,01:53:13.487,6791.028,2.459,Betty?,29
872,01:53:15.903,01:53:18.279,6795.903,2.376,Betty?,29
873,01:53:29.736,01:53:33.362,6809.736,3.626,Donde estas?,29
874,01:53:45.446,01:53:47.903,6825.446,2.457,Betty?,29
875,01:56:15.195,01:56:18.321,6975.195,3.126,"Hey, pretty little girl..",31
876,01:56:18.570,01:56:22.029,6978.57,3.459,time to wake up.,31
877,01:57:57.362,01:58:00.862,7077.362,3.5,- Where have you been? - What do you want?,32
878,01:58:01.112,01:58:04.695,7081.112,3.583,My lamp and dishes..,32
879,01:58:05.820,01:58:09.695,7085.82,3.875,"C'mon Diane, it's been three weeks.",32
880,01:58:11.154,01:58:14.862,7091.154,3.708,I put your dishes in that box.,32
881,01:58:34.112,01:58:38.321,7114.112,4.209,- That's my ashtray. - Take it.,32
882,01:58:49.528,01:58:50.487,7129.528,0.959,Anytime..,32
883,01:58:50.737,01:58:54.862,7130.737,4.125,"I'm just making sure, Diane.",32
884,01:59:03.154,01:59:06.904,7143.154,3.75,- This is it? - Yeah,33
885,01:59:10.987,01:59:15.779,7150.987,4.792,"Ah, by the way, those two detectives came by again, looking for you.",33
886,02:00:07.904,02:00:10.570,7207.904,2.666,Camilla!,33
887,02:00:13.029,02:00:16.154,7213.029,3.125,You've come back!,33
888,02:01:56.737,02:02:00.029,7316.737,3.292,"What was that you were saying, beautiful?",33
889,02:02:00.278,02:02:02.403,7320.278,2.125,I said:,33
890,02:02:02.654,02:02:06.112,7322.654,3.458,"""You drive me wild"".",33
891,02:02:17.820,02:02:21.278,7337.82,3.458,We shouldn't do this anymore..,33
892,02:02:26.654,02:02:29.779,7346.654,3.125,Don't say that..,33
893,02:02:33.820,02:02:36.528,7353.82,2.708,Don't ever say that!,33
894,02:02:36.779,02:02:38.695,7356.779,1.916,"Don't Diane,",33
895,02:02:38.946,02:02:42.820,7358.946,3.874,Stop it.. Diane STOP!,33
896,02:02:43.071,02:02:46.987,7363.071,3.916,I've tried to tell you this before.,33
897,02:02:54.654,02:02:58.403,7374.654,3.749,"It's him, isn't it?",33
898,02:03:08.320,02:03:10.487,7388.32,2.167,I'm not trying to show you how to do the scene.,33
899,02:03:10.737,02:03:13.153,7390.737,2.416,Just watch me..,33
900,02:03:13.403,02:03:17.029,7393.403,3.626,and I think you'll understand what I'm getting at.,33
901,02:03:20.403,02:03:22.570,7400.403,2.167,Don't seat so rigid..,33
902,02:03:22.820,02:03:26.071,7402.82,3.251,"just, just relax..",33
903,02:03:26.320,02:03:28.195,7406.32,1.875,The two of you are alone..,33
904,02:03:28.445,02:03:32.029,7408.445,3.584,and it's real comfortable..,33
905,02:03:32.153,02:03:34.737,7412.153,2.584,like you've known each other forever..,33
906,02:03:34.987,02:03:39.195,7414.987,4.208,even if you don't say anything.. It's real comfortable.,33
907,02:03:40.071,02:03:41.820,7420.071,1.749,"Hank, can you just clear the set..",33
908,02:03:42.071,02:03:44.570,7422.071,2.499,there's too many people around here.. Let's get this worked out..,33
909,02:03:44.820,02:03:47.153,7424.82,2.333,Clear the set! Clear the set!,33
910,02:03:47.403,02:03:50.111,7427.403,2.708,Everyone get a cup of coffee.,33
911,02:03:50.362,02:03:53.529,7430.362,3.167,- Everyone please! - Can Diane stay?,33
912,02:03:53.779,02:03:59.821,7433.779,6.042,"Yes, true. Diane can stay. Hank, let Diane stay.",33
913,02:04:04.654,02:04:06.403,7444.654,1.749,Now when she starts to cry..,33
914,02:04:06.654,02:04:10.111,7446.654,3.457,don't pull her toward you.,33
915,02:04:10.320,02:04:13.320,7450.32,3.0,Let her fall in to you..,33
916,02:04:13.570,02:04:17.029,7453.57,3.459,Let her fall.,33
917,02:04:19.029,02:04:22.487,7459.029,3.458,When you kiss her..,33
918,02:04:22.654,02:04:26.987,7462.654,4.333,It's just a continuation of that move,33
919,02:04:27.737,02:04:30.779,7467.737,3.042,There is no break..,33
920,02:04:55.278,02:04:58.362,7495.278,3.084,Kill the lights!,33
921,02:05:07.153,02:05:08.403,7507.153,1.25,Don't be mad!,33
922,02:05:08.654,02:05:11.821,7508.654,3.167,"- Don't make it be like this! - Oh, sure.",33
923,02:05:12.070,02:05:14.612,7512.07,2.542,You want me to make this easy for you? No!,33
924,02:05:14.862,02:05:17.946,7514.862,3.084,No-fucking-way it's not gonna be!,33
925,02:05:18.195,02:05:22.195,7518.195,4.0,It's not easy for me!,33
926,02:06:44.821,02:06:46.404,7604.821,1.583,"Hello, it's me..",33
927,02:06:46.654,02:06:49.737,7606.654,3.083,leave a message..,33
928,02:06:57.278,02:07:00.195,7617.278,2.917,Hello?,33
929,02:07:03.320,02:07:05.862,7623.32,2.542,"Diane, the car is waiting.",33
930,02:07:06.112,02:07:07.903,7626.112,1.791,Are you ok?,33
931,02:07:08.153,02:07:11.278,7628.153,3.125,You comin'?,33
932,02:07:15.861,02:07:17.529,7635.861,1.668,Good..,33
933,02:07:17.779,02:07:20.696,7637.779,2.917,It means so much to me.,33
934,02:07:20.945,02:07:24.529,7640.945,3.584,Go on.. the car is right outside the house..,33
935,02:07:24.779,02:07:28.195,7644.779,3.416,"It's been waiting, ok?",33
936,02:07:31.821,02:07:33.529,7651.821,1.708,Ok.,33
937,02:07:33.779,02:07:38.529,7653.779,4.75,"It's 6980, Mulholland drive.",33
938,02:07:38.779,02:07:42.195,7658.779,3.416,Mulholland drive.,33
939,02:08:50.404,02:08:55.070,7730.404,4.666,What are you doing? We don't stop here..,33
940,02:08:58.320,02:09:02.195,7738.32,3.875,A surprise..,33
941,02:09:23.445,02:09:26.862,7763.445,3.417,Shortcut.,34
942,02:09:27.445,02:09:30.529,7767.445,3.084,C'mon sweetheart.,34
943,02:09:35.487,02:09:37.445,7775.487,1.958,It's beautiful.,34
944,02:09:37.696,02:09:41.154,7777.696,3.458,A secret path.,34
945,02:10:47.778,02:10:50.279,7847.778,2.501,"Ah, perfect timing!",34
946,02:10:50.695,02:10:53.862,7850.695,3.167,"Welcome, Diane.",34
947,02:10:58.529,02:11:00.571,7858.529,2.042,Well..,34
948,02:11:00.820,02:11:04.404,7860.82,3.584,Here's to love..,34
949,02:11:12.529,02:11:15.320,7872.529,2.791,Here's to love..,34
950,02:11:19.279,02:11:22.611,7879.279,3.332,"Ah, here she is..",34
951,02:11:30.653,02:11:34.195,7890.653,3.542,I don't believe you met my mother..,34
952,02:11:34.320,02:11:36.571,7894.32,2.251,"Hi, I'm Diane Selwyn.",34
953,02:11:36.820,02:11:39.362,7896.82,2.542,"Just call me Coco, everybody does..",34
954,02:11:39.611,02:11:41.737,7899.611,2.126,- Pleased to meet you.. - Let's eat..,34
955,02:11:41.987,02:11:45.112,7901.987,3.125,I'm starving..,34
956,02:11:50.279,02:11:53.903,7910.279,3.624,"I'm sorry, I was late.",34
957,02:12:12.737,02:12:15.778,7932.737,3.041,"I'm from Deep River, Ontario..",34
958,02:12:16.029,02:12:17.778,7936.029,1.749,a small town.,34
959,02:12:18.029,02:12:22.404,7938.029,4.375,"So, you rolled in here from Canada.",34
960,02:12:22.653,02:12:26.112,7942.653,3.459,I've always wanted to come here.,34
961,02:12:26.321,02:12:29.778,7946.321,3.457,I won this jitterbug contest..,34
962,02:12:30.029,02:12:33.404,7950.029,3.375,that sort of led to acting..,34
963,02:12:33.820,02:12:37.737,7953.82,3.917,"you know, wanting to act.",34
964,02:12:37.903,02:12:41.362,7957.903,3.459,When my aunt died..,34
965,02:12:41.611,02:12:46.070,7961.611,4.459,"anyway, she left me so money.. she worked here..",34
966,02:12:46.321,02:12:48.903,7966.321,2.582,In the movies?,34
967,02:12:49.154,02:12:51.487,7969.154,2.333,Yes.,34
968,02:12:51.737,02:12:55.737,7971.737,4.0,How did you meet Camilla?,34
969,02:12:55.987,02:12:58.070,7975.987,2.083,"On a ""Sylvia North Story"".",34
970,02:12:58.321,02:13:01.737,7978.321,3.416,Camilla was great in that.,34
971,02:13:15.487,02:13:19.570,7995.487,4.083,"Yeah, I wanted the lead so bad.",34
972,02:13:19.820,02:13:23.820,7999.82,4.0,"Anyway, Camilla got the part.",34
973,02:13:25.737,02:13:28.112,8005.737,2.375,The director..,34
974,02:13:28.362,02:13:30.446,8008.362,2.084,Bob Brooker?,34
975,02:13:30.695,02:13:33.570,8010.695,2.875,Yes.,34
976,02:13:34.862,02:13:38.321,8014.862,3.459,He didn't think so much of me..,34
977,02:13:41.987,02:13:45.820,8021.987,3.833,"anyway, that's when we became friends.",34
978,02:13:46.070,02:13:47.820,8026.07,1.75,She helped me..,34
979,02:13:48.070,02:13:53.112,8028.07,5.042,getting some parts in some of her films.,34
980,02:13:53.904,02:13:56.612,8033.904,2.708,I see.,34
981,02:14:10.154,02:14:12.737,8050.154,2.583,"So, I got the pool..",35
982,02:14:12.987,02:14:16.528,8052.987,3.541,and she got the pool-man.,35
983,02:14:17.196,02:14:22.778,8057.196,5.582,I couldn't believe it I wanted to buy that judge a Rolls-Royce.,35
984,02:14:28.154,02:14:31.612,8068.154,3.458,Sometimes good things happen.,35
985,02:15:24.154,02:15:27.945,8124.154,3.791,"So, I guess we saved the best for last..",35
986,02:15:29.945,02:15:31.196,8129.945,1.251,Do you want to tell them?,35
987,02:15:31.445,02:15:34.862,8131.445,3.417,"No, you to tell them.",35
988,02:15:37.612,02:15:41.029,8137.612,3.417,Camilla and I..,35
989,02:15:52.154,02:15:55.570,8152.154,3.416,are going to be..,35
990,02:16:05.987,02:16:09.070,8165.987,3.083,Sorry about that.,35
991,02:16:16.154,02:16:19.237,8176.154,3.083,"No, I'm fine.",35
992,02:16:23.820,02:16:27.403,8183.82,3.583,This is the girl.,35
993,02:16:27.653,02:16:30.987,8187.653,3.334,Don't show me this photothing here.,35
994,02:16:31.237,02:16:35.695,8191.237,4.458,"It's just an actress' photo, everybody's got one.",36
995,02:16:35.945,02:16:38.403,8195.945,2.458,You got the money?,36
996,02:16:38.653,02:16:41.779,8198.653,3.126,Sure do.,36
997,02:16:51.779,02:16:57.403,8211.779,5.624,"Ok, once you hand that over to me, it's a done deal.",36
998,02:16:58.820,02:17:03.112,8218.82,4.292,Are you sure you want this?,36
999,02:17:06.528,02:17:10.154,8226.528,3.626,More than anything in this world.,36
1000,02:17:19.987,02:17:23.487,8239.987,3.5,"When it's finished, you'll find this where I told you.",36
1001,02:17:37.196,02:17:40.528,8257.196,3.332,What's it open?,36
1002,02:22:04.000,02:22:06.600,8524.0,2.6,Silencio,
1003,02:22:07.900,02:22:22.200,8527.9,14.3,,
